{
  "project_info": {
    "project_number": "1067941401663",
    "project_id": "resi-tigre",
    "storage_bucket": "resi-tigre.appspot.com"
  },
  "client": [
    {
      "client_info": {
        "mobilesdk_app_id": "1:1067941401663:android:82e49a383d3fd6db38148a",
        "android_client_info": {
          "package_name": "com.example.dam_u5_proyecto_resitigres"
        }
      },
      "oauth_client": [
        {
          "client_id": "1067941401663-i8sbjgbluor7fa7db27q5bt078hg352k.apps.googleusercontent.com",
          "client_type": 3
        }
      ],
      "api_key": [
        {
          "current_key": "AIzaSyAg6vxus70Fzj9cjSyI7v_SRYpgqTCVdEk"
        }
      ],
      "services": {
        "appinvite_service": {
          "other_platform_oauth_client": [
            {
              "client_id": "1067941401663-i8sbjgbluor7fa7db27q5bt078hg352k.apps.googleusercontent.com",
              "client_type": 3
            }
          ]
        }
      }
    }
  ],
  "configuration_version": "1"
}